{"cameraMode":{"drawMode":0,"name":"Shaded","section":"Shading Mode"},"sceneLighting":false,"audioPlay":false,"sceneViewState":{"m_AlwaysRefresh":false,"showFog":true,"showSkybox":false,"showFlares":true,"showImageEffects":true,"showParticleSystems":true,"showVisualEffectGraphs":true,"m_FxEnabled":true},"in2DMode":false,"pivot":{"x":0.021221160888671876,"y":0.3957672119140625,"z":-0.028456687927246095},"rotation":{"x":-0.20107994973659516,"y":0.41275426745414736,"z":-0.09395180642604828,"w":-0.8833889961242676},"size":4.575854778289795,"orthographic":false}